vote,created_at,comments,title
12.8k,Tue Mar 2 22:52:12 2010 UTC,26962 comments,[S7E3] Post-Premiere Discussion - S7E3 'The Queen's Justice'
•,Mon Jul 31 02:06:13 2017 UTC,2 comments,"[S7E3] Contest #3 - When this post is 9 hours old, the digital drawing contest will go live"
16.9k,Wed Aug 2 08:10:56 2017 UTC,511 comments,[NO SPOILERS] I spent the last 3 weeks drawing this huge world map.
2132,Tue Aug 1 19:09:44 2017 UTC,79 comments,[EVERYTHING] Gonna miss her
3006,Wed Aug 2 00:12:32 2017 UTC,91 comments,[S7E3] First Impressions (comic)
925,Tue Aug 1 22:23:58 2017 UTC,62 comments,[EVERYTHING] GoT Characters - then and now
953,Wed Aug 2 00:19:45 2017 UTC,280 comments,[MAIN SPOILERS] Jon should have mentioned...
5408,Tue Aug 1 23:33:39 2017 UTC,691 comments,[MAIN SPOILERS] Cercei never need fear Bernadette
3583,Tue Aug 1 12:38:15 2017 UTC,222 comments,"[NO SPOILERS] OK, I think I want the Night King to win now."
2666,Tue Aug 1 14:23:16 2017 UTC,172 comments,[EVERYTHING] So about Jorah...
2225,Tue Aug 1 13:18:44 2017 UTC,387 comments,[S7] I just realised that Melisandre was led by the Lord of Light...
750,Tue Aug 1 13:34:43 2017 UTC,49 comments,[S7E3] It's really hard to meet Daenerys Targaryen.. (parody video)
1757,Tue Aug 1 19:12:07 2017 UTC,31 comments,"[S7E3] Ikea's new brand ambassador - OC, courtesy the Post Episode Discussion."
2051,Tue Aug 1 13:48:39 2017 UTC,211 comments,[No Spoilers] Fire + Ice
915,Tue Aug 1 12:55:54 2017 UTC,170 comments,[MAIN SPOILERS] Upcoming Episode 4 likely connected to famous prophecy from the books
121,Tue Aug 1 16:35:52 2017 UTC,14 comments,[MAIN SPOILERS] And she said the torture wouldn't be poetic.
519,last edited 6 hours ago,23 comments,[MAIN SPOILERS] The Queen Of Burns - OC
414,Wed Aug 2 03:09:56 2017 UTC,166 comments,"[MAIN SPOILERS] I just finished season episode 9, and WTF WTF WTF"
599,Tue Aug 1 18:51:27 2017 UTC,129 comments,[MAIN SPOILERS] So the secret to valyrian steel has been lost...
106,Tue Aug 1 19:43:46 2017 UTC,25 comments,[EVERYTHING] One thing that I appreciate about the show: events MATTER
14.2k,last edited 9 hours ago,877 comments,"[NO SPOILERS] Today, 21 years ago, writer George RR Martin published the book that started it all. Happy birthday Game of Thrones!"
964,Tue Aug 1 17:30:01 2017 UTC,40 comments,[EVERYTHING] I made an Iron Throne iPhone charger stand for my sister’s 21st Birthday
1272,last edited 16 hours ago,222 comments,[EVERYTHING] Ozzy Man Reviews: Game of Thrones - Season 7 Episode 3
188,Wed Aug 2 02:31:06 2017 UTC,54 comments,[EVERYTHING] I'm now starting to understand the Mad King feelings
494,Tue Aug 1 03:51:37 2017 UTC,32 comments,[EVERYTHING] Davos and Jon
348,Tue Aug 1 14:26:56 2017 UTC,16 comments,[EVERYTHING] quick doodle I did of Lady Melisandre. Colored Pencils & Markers
1343,Tue Aug 1 12:25:38 2017 UTC,171 comments,[EVERYTHING] Just wanted to share my GoT Pop collection :)
vote,created_at,comments,title

